,START DATE,START TIME,START TIME ET,SUBJECT,LOCATION,DESCRIPTION,END DATE,END DATE ET,END TIME,END TIME ET,REMINDER OFF,REMINDER ON,REMINDER DATE,REMINDER TIME,REMINDER TIME ET,SHOWTIMEAS FREE,SHOWTIMEAS BUSY
0,02/23/19,01:10 PM,01:10 PM,Braves at Mets,First Data Field - Port St. Lucie,Local TV: SNY- ESPN+ ----- Local Radio: WCBS 880,02/23/19,02/23/19,04:10 PM,04:10 PM,False,True,02/23/19,12:10 PM,12:10 PM,FREE,BUSY
1,02/24/19,01:10 PM,01:10 PM,Astros at Mets,First Data Field - Port St. Lucie,Local TV: WPIX ----- Local Radio: WCBS 880,02/24/19,02/24/19,04:10 PM,04:10 PM,False,True,02/24/19,12:10 PM,12:10 PM,FREE,BUSY
2,02/25/19,01:05 PM,01:05 PM,Mets at Astros,FITTEAM Ballpark of the Palm Beaches - West Palm Beach,Local TV: MLBN,02/25/19,02/25/19,04:05 PM,04:05 PM,False,True,02/25/19,12:05 PM,12:05 PM,FREE,BUSY
3,02/26/19,01:05 PM,01:05 PM,Mets at Braves,Champion Stadium - Lake Buena Vista,,02/26/19,02/26/19,04:05 PM,04:05 PM,False,True,02/26/19,12:05 PM,12:05 PM,FREE,BUSY
4,02/26/19,01:10 PM,01:10 PM,Tigers at Mets,First Data Field - Port St. Lucie,Local TV: SNY- MLBN (out-of-market only),02/26/19,02/26/19,04:10 PM,04:10 PM,False,True,02/26/19,12:10 PM,12:10 PM,FREE,BUSY
5,02/27/19,01:10 PM,01:10 PM,Marlins at Mets,First Data Field - Port St. Lucie,Local TV: SNY- MLBN (out-of-market only),02/27/19,02/27/19,04:10 PM,04:10 PM,False,True,02/27/19,12:10 PM,12:10 PM,FREE,BUSY
6,02/28/19,01:05 PM,01:05 PM,Mets at Cardinals,Roger Dean Chevrolet Stadium - Jupiter,,02/28/19,02/28/19,04:05 PM,04:05 PM,False,True,02/28/19,12:05 PM,12:05 PM,FREE,BUSY
7,03/01/19,01:05 PM,01:05 PM,Mets at Tigers,Publix Field at Joker Marchant Stadium - Lakeland,,03/01/19,03/01/19,04:05 PM,04:05 PM,False,True,03/01/19,12:05 PM,12:05 PM,FREE,BUSY
8,03/02/19,01:10 PM,01:10 PM,Astros at Mets,First Data Field - Port St. Lucie,Local TV: WPIX- MLBN (out-of-market only) ----- Local Radio: WCBS 880,03/02/19,03/02/19,04:10 PM,04:10 PM,False,True,03/02/19,12:10 PM,12:10 PM,FREE,BUSY
9,03/03/19,01:05 PM,01:05 PM,Mets at Cardinals,Roger Dean Chevrolet Stadium - Jupiter,Local Radio: WCBS 880,03/03/19,03/03/19,04:05 PM,04:05 PM,False,True,03/03/19,12:05 PM,12:05 PM,FREE,BUSY
10,03/04/19,01:05 PM,01:05 PM,Mets at Astros,FITTEAM Ballpark of the Palm Beaches - West Palm Beach,,03/04/19,03/04/19,04:05 PM,04:05 PM,False,True,03/04/19,12:05 PM,12:05 PM,FREE,BUSY
11,03/04/19,01:10 PM,01:10 PM,Red Sox at Mets,First Data Field - Port St. Lucie,Local TV: SNY- MLBN (out-of-market only),03/04/19,03/04/19,04:10 PM,04:10 PM,False,True,03/04/19,12:10 PM,12:10 PM,FREE,BUSY
12,03/05/19,01:05 PM,01:05 PM,Mets at Marlins,Roger Dean Chevrolet Stadium - Jupiter,,03/05/19,03/05/19,04:05 PM,04:05 PM,False,True,03/05/19,12:05 PM,12:05 PM,FREE,BUSY
13,03/07/19,01:05 PM,01:05 PM,Mets at Nationals,FITTEAM Ballpark of the Palm Beaches - West Palm Beach,,03/07/19,03/07/19,04:05 PM,04:05 PM,False,True,03/07/19,12:05 PM,12:05 PM,FREE,BUSY
14,03/08/19,01:10 PM,01:10 PM,Marlins at Mets,First Data Field - Port St. Lucie,Local TV: SNY,03/08/19,03/08/19,04:10 PM,04:10 PM,False,True,03/08/19,12:10 PM,12:10 PM,FREE,BUSY
15,03/09/19,01:05 PM,01:05 PM,Mets at Red Sox,JetBlue Park - Ft. Myers,,03/09/19,03/09/19,04:05 PM,04:05 PM,False,True,03/09/19,12:05 PM,12:05 PM,FREE,BUSY
16,03/10/19,01:10 PM,01:10 PM,Cardinals at Mets,First Data Field - Port St. Lucie,Local TV: WPIX ----- Local Radio: WCBS 880- ESPN Deportes,03/10/19,03/10/19,04:10 PM,04:10 PM,False,True,03/10/19,12:10 PM,12:10 PM,FREE,BUSY
17,03/11/19,01:05 PM,01:05 PM,Mets at Astros,FITTEAM Ballpark of the Palm Beaches - West Palm Beach,Local TV: MLBN,03/11/19,03/11/19,04:05 PM,04:05 PM,False,True,03/11/19,12:05 PM,12:05 PM,FREE,BUSY
18,03/12/19,01:05 PM,01:05 PM,Mets at Marlins,Roger Dean Chevrolet Stadium - Jupiter,,03/12/19,03/12/19,04:05 PM,04:05 PM,False,True,03/12/19,12:05 PM,12:05 PM,FREE,BUSY
19,03/13/19,01:10 PM,01:10 PM,Astros at Mets,First Data Field - Port St. Lucie,Local TV: SNY,03/13/19,03/13/19,04:10 PM,04:10 PM,False,True,03/13/19,12:10 PM,12:10 PM,FREE,BUSY
20,03/14/19,01:05 PM,01:05 PM,Mets at Cardinals,Roger Dean Chevrolet Stadium - Jupiter,,03/14/19,03/14/19,04:05 PM,04:05 PM,False,True,03/14/19,12:05 PM,12:05 PM,FREE,BUSY
21,03/15/19,01:10 PM,01:10 PM,Nationals at Mets,First Data Field - Port St. Lucie,Local TV: SNY,03/15/19,03/15/19,04:10 PM,04:10 PM,False,True,03/15/19,12:10 PM,12:10 PM,FREE,BUSY
22,03/16/19,01:05 PM,01:05 PM,Mets at Marlins,Roger Dean Chevrolet Stadium - Jupiter,Local Radio: WCBS 880,03/16/19,03/16/19,04:05 PM,04:05 PM,False,True,03/16/19,12:05 PM,12:05 PM,FREE,BUSY
23,03/17/19,01:05 PM,01:05 PM,Mets at Nationals,FITTEAM Ballpark of the Palm Beaches - West Palm Beach,Local Radio: WCBS 880,03/17/19,03/17/19,04:05 PM,04:05 PM,False,True,03/17/19,12:05 PM,12:05 PM,FREE,BUSY
24,03/18/19,01:10 PM,01:10 PM,Nationals at Mets,First Data Field - Port St. Lucie,Local TV: SNY,03/18/19,03/18/19,04:10 PM,04:10 PM,False,True,03/18/19,12:10 PM,12:10 PM,FREE,BUSY
25,03/21/19,01:10 PM,01:10 PM,Marlins at Mets,First Data Field - Port St. Lucie,Local TV: SNY- MLBN (out-of-market only),03/21/19,03/21/19,04:10 PM,04:10 PM,False,True,03/21/19,12:10 PM,12:10 PM,FREE,BUSY
26,03/22/19,01:10 PM,01:10 PM,Cardinals at Mets,First Data Field - Port St. Lucie,Local TV: SNY- MLBN (out-of-market only),03/22/19,03/22/19,04:10 PM,04:10 PM,False,True,03/22/19,12:10 PM,12:10 PM,FREE,BUSY
27,03/22/19,06:05 PM,06:05 PM,Mets at Astros,FITTEAM Ballpark of the Palm Beaches - West Palm Beach,Local Radio: WCBS 880,03/22/19,03/22/19,09:05 PM,09:05 PM,False,True,03/22/19,05:05 PM,05:05 PM,FREE,BUSY
28,03/23/19,01:05 PM,01:05 PM,Mets at Braves,Champion Stadium - Lake Buena Vista,Local Radio: WCBS 880,03/23/19,03/23/19,04:05 PM,04:05 PM,False,True,03/23/19,12:05 PM,12:05 PM,FREE,BUSY
29,03/24/19,12:10 PM,12:10 PM,Nationals at Mets,First Data Field - Port St. Lucie,Local TV: SNY- MLBN (out-of-market only) ----- Local Radio: WCBS 880- ESPN Deportes,03/24/19,03/24/19,03:10 PM,03:10 PM,False,True,03/24/19,11:10 AM,11:10 AM,FREE,BUSY
30,03/25/19,01:05 PM,01:05 PM,Mets at Orioles,Ed Smith Stadium - Sarasota,,03/25/19,03/25/19,04:05 PM,04:05 PM,False,True,03/25/19,12:05 PM,12:05 PM,FREE,BUSY
31,03/28/19,01:05 PM,01:05 PM,Mets at Nationals,Nationals Park - Washington,Local TV: SNY ----- Local Radio: WCBS 880- ESPN Deportes 1050,03/28/19,03/28/19,04:05 PM,04:05 PM,False,True,03/28/19,12:05 PM,12:05 PM,FREE,BUSY
32,03/30/19,01:05 PM,01:05 PM,Mets at Nationals,Nationals Park - Washington,Local TV: SNY- MLBN (out-of-market only) ----- Local Radio: WCBS 880- ESPN Deportes 1050,03/30/19,03/30/19,04:05 PM,04:05 PM,False,True,03/30/19,12:05 PM,12:05 PM,FREE,BUSY
33,03/31/19,01:35 PM,01:35 PM,Mets at Nationals,Nationals Park - Washington,Local TV: SNY ----- Local Radio: WCBS 880- ESPN Deportes 1050,03/31/19,03/31/19,04:35 PM,04:35 PM,False,True,03/31/19,12:35 PM,12:35 PM,FREE,BUSY
34,04/01/19,07:10 PM,07:10 PM,Mets at Marlins,Marlins Park - Miami,Local TV: SNY ----- Local Radio: WCBS 880- ESPN Deportes 1050,04/01/19,04/01/19,10:10 PM,10:10 PM,False,True,04/01/19,06:10 PM,06:10 PM,FREE,BUSY
35,04/02/19,07:10 PM,07:10 PM,Mets at Marlins,Marlins Park - Miami,Local TV: SNY ----- Local Radio: WCBS 880- ESPN Deportes 1050,04/02/19,04/02/19,10:10 PM,10:10 PM,False,True,04/02/19,06:10 PM,06:10 PM,FREE,BUSY
36,04/03/19,06:10 PM,06:10 PM,Mets at Marlins,Marlins Park - Miami,Local TV: SNY ----- Local Radio: WCBS 880- ESPN Deportes 1050,04/03/19,04/03/19,09:10 PM,09:10 PM,False,True,04/03/19,05:10 PM,05:10 PM,FREE,BUSY
37,04/04/19,01:10 PM,01:10 PM,Nationals at Mets,Citi Field - Flushing,Local TV: SNY- MLBN (out-of-market only) ----- Local Radio: WCBS 880- ESPN Deportes 1050,04/04/19,04/04/19,04:10 PM,04:10 PM,False,True,04/04/19,12:10 PM,12:10 PM,FREE,BUSY
38,04/06/19,01:10 PM,01:10 PM,Nationals at Mets,Citi Field - Flushing,Local TV: SNY- MLBN (out-of-market only) ----- Local Radio: WCBS 880- ESPN Deportes 1050,04/06/19,04/06/19,04:10 PM,04:10 PM,False,True,04/06/19,12:10 PM,12:10 PM,FREE,BUSY
39,04/07/19,01:10 PM,01:10 PM,Nationals at Mets,Citi Field - Flushing,Local TV: SNY ----- Local Radio: WCBS 880- ESPN Deportes 1050,04/07/19,04/07/19,04:10 PM,04:10 PM,False,True,04/07/19,12:10 PM,12:10 PM,FREE,BUSY
40,04/09/19,07:10 PM,07:10 PM,Twins at Mets,Citi Field - Flushing,Local TV: SNY ----- Local Radio: WCBS 880- ESPN Deportes 1050,04/09/19,04/09/19,10:10 PM,10:10 PM,False,True,04/09/19,06:10 PM,06:10 PM,FREE,BUSY
41,04/10/19,07:10 PM,07:10 PM,Twins at Mets,Citi Field - Flushing,Local TV: SNY ----- Local Radio: WCBS 880- ESPN Deportes 1050,04/10/19,04/10/19,10:10 PM,10:10 PM,False,True,04/10/19,06:10 PM,06:10 PM,FREE,BUSY
42,04/11/19,07:20 PM,07:20 PM,Mets at Braves,SunTrust Park - Atlanta,Local TV: SNY ----- Local Radio: WCBS 880- ESPN Deportes 1050,04/11/19,04/11/19,10:20 PM,10:20 PM,False,True,04/11/19,06:20 PM,06:20 PM,FREE,BUSY
43,04/12/19,07:20 PM,07:20 PM,Mets at Braves,SunTrust Park - Atlanta,Local TV: SNY- MLBN (out-of-market only) ----- Local Radio: WCBS 880- ESPN Deportes 1050,04/12/19,04/12/19,10:20 PM,10:20 PM,False,True,04/12/19,06:20 PM,06:20 PM,FREE,BUSY
44,04/13/19,07:20 PM,07:20 PM,Mets at Braves,SunTrust Park - Atlanta,Local TV: SNY- FS1 ----- Local Radio: WCBS 880- ESPN Deportes 1050,04/13/19,04/13/19,10:20 PM,10:20 PM,False,True,04/13/19,06:20 PM,06:20 PM,FREE,BUSY
45,04/14/19,07:05 PM,07:05 PM,Mets at Braves,SunTrust Park - Atlanta,Local TV: ESPN ----- Local Radio: WCBS 880- ESPN Deportes 1050,04/14/19,04/14/19,10:05 PM,10:05 PM,False,True,04/14/19,06:05 PM,06:05 PM,FREE,BUSY
46,04/15/19,07:05 PM,07:05 PM,Mets at Phillies,Citizens Bank Park - Philadelphia,Local TV: SNY- ESPN ----- Local Radio: WCBS 880- ESPN Deportes 1050,04/15/19,04/15/19,10:05 PM,10:05 PM,False,True,04/15/19,06:05 PM,06:05 PM,FREE,BUSY
47,04/16/19,07:05 PM,07:05 PM,Mets at Phillies,Citizens Bank Park - Philadelphia,Local TV: SNY ----- Local Radio: WCBS 880- ESPN Deportes 1050,04/16/19,04/16/19,10:05 PM,10:05 PM,False,True,04/16/19,06:05 PM,06:05 PM,FREE,BUSY
48,04/17/19,01:05 PM,01:05 PM,Mets at Phillies,Citizens Bank Park - Philadelphia,Local TV: SNY- MLBN (out-of-market only) ----- Local Radio: WCBS 880- ESPN Deportes 1050,04/17/19,04/17/19,04:05 PM,04:05 PM,False,True,04/17/19,12:05 PM,12:05 PM,FREE,BUSY
49,04/19/19,08:15 PM,08:15 PM,Mets at Cardinals,Busch Stadium - St. Louis,Local TV: SNY- MLBN (out-of-market only) ----- Local Radio: WCBS 880- ESPN Deportes 1050,04/19/19,04/19/19,11:15 PM,11:15 PM,False,True,04/19/19,07:15 PM,07:15 PM,FREE,BUSY
50,04/20/19,02:15 PM,02:15 PM,Mets at Cardinals,Busch Stadium - St. Louis,Local TV: WPIX ----- Local Radio: WCBS 880- ESPN Deportes 1050,04/20/19,04/20/19,05:15 PM,05:15 PM,False,True,04/20/19,01:15 PM,01:15 PM,FREE,BUSY
51,04/21/19,02:15 PM,02:15 PM,Mets at Cardinals,Busch Stadium - St. Louis,Local TV: WPIX ----- Local Radio: WCBS 880- ESPN Deportes 1050,04/21/19,04/21/19,05:15 PM,05:15 PM,False,True,04/21/19,01:15 PM,01:15 PM,FREE,BUSY
52,04/22/19,07:10 PM,07:10 PM,Phillies at Mets,Citi Field - Flushing,Local TV: SNY- ESPN- ESPN Deportes- WatchESPN ----- Local Radio: WCBS 880- ESPN Deportes 1050,04/22/19,04/22/19,10:10 PM,10:10 PM,False,True,04/22/19,06:10 PM,06:10 PM,FREE,BUSY
53,04/23/19,07:10 PM,07:10 PM,Phillies at Mets,Citi Field - Flushing,Local TV: SNY ----- Local Radio: WCBS 880- ESPN Deportes 1050,04/23/19,04/23/19,10:10 PM,10:10 PM,False,True,04/23/19,06:10 PM,06:10 PM,FREE,BUSY
54,04/24/19,07:10 PM,07:10 PM,Phillies at Mets,Citi Field - Flushing,Local TV: SNY- ESPN (out-of-market only) ----- Local Radio: WCBS 880- ESPN Deportes 1050,04/24/19,04/24/19,10:10 PM,10:10 PM,False,True,04/24/19,06:10 PM,06:10 PM,FREE,BUSY
55,04/26/19,07:10 PM,07:10 PM,Brewers at Mets,Citi Field - Flushing,Local TV: SNY- MLBN (out-of-market only) ----- Local Radio: WCBS 880- ESPN Deportes 1050,04/26/19,04/26/19,10:10 PM,10:10 PM,False,True,04/26/19,06:10 PM,06:10 PM,FREE,BUSY
56,04/27/19,07:10 PM,07:10 PM,Brewers at Mets,Citi Field - Flushing,Local TV: WPIX- FS1 ----- Local Radio: WCBS 880- ESPN Deportes 1050,04/27/19,04/27/19,10:10 PM,10:10 PM,False,True,04/27/19,06:10 PM,06:10 PM,FREE,BUSY
57,04/28/19,01:10 PM,01:10 PM,Brewers at Mets,Citi Field - Flushing,Local TV: WPIX ----- Local Radio: WCBS 880- ESPN Deportes 1050,04/28/19,04/28/19,04:10 PM,04:10 PM,False,True,04/28/19,12:10 PM,12:10 PM,FREE,BUSY
58,04/29/19,07:10 PM,07:10 PM,Reds at Mets,Citi Field - Flushing,Local TV: SNY ----- Local Radio: WCBS 880- ESPN Deportes 1050,04/29/19,04/29/19,10:10 PM,10:10 PM,False,True,04/29/19,06:10 PM,06:10 PM,FREE,BUSY
59,04/30/19,07:10 PM,07:10 PM,Reds at Mets,Citi Field - Flushing,Local TV: SNY ----- Local Radio: WCBS 880- ESPN Deportes 1050,04/30/19,04/30/19,10:10 PM,10:10 PM,False,True,04/30/19,06:10 PM,06:10 PM,FREE,BUSY
60,05/01/19,07:10 PM,07:10 PM,Reds at Mets,Citi Field - Flushing,Local TV: SNY ----- Local Radio: WCBS 880- ESPN Deportes 1050,05/01/19,05/01/19,10:10 PM,10:10 PM,False,True,05/01/19,06:10 PM,06:10 PM,FREE,BUSY
61,05/02/19,12:10 PM,12:10 PM,Reds at Mets,Citi Field - Flushing,Local TV: SNY- MLBN (out-of-market only) ----- Local Radio: WCBS 880- ESPN Deportes 1050,05/02/19,05/02/19,03:10 PM,03:10 PM,False,True,05/02/19,11:10 AM,11:10 AM,FREE,BUSY
62,05/03/19,08:10 PM,08:10 PM,Mets at Brewers,Miller Park - Milwaukee,Local TV: SNY ----- Local Radio: WCBS 880- ESPN Deportes 1050,05/03/19,05/03/19,11:10 PM,11:10 PM,False,True,05/03/19,07:10 PM,07:10 PM,FREE,BUSY
63,05/04/19,07:10 PM,07:10 PM,Mets at Brewers,Miller Park - Milwaukee,Local TV: SNY ----- Local Radio: WCBS 880- ESPN Deportes 1050,05/04/19,05/04/19,10:10 PM,10:10 PM,False,True,05/04/19,06:10 PM,06:10 PM,FREE,BUSY
64,05/05/19,02:10 PM,02:10 PM,Mets at Brewers,Miller Park - Milwaukee,Local TV: SNY ----- Local Radio: WCBS 880- ESPN Deportes 1050,05/05/19,05/05/19,05:10 PM,05:10 PM,False,True,05/05/19,01:10 PM,01:10 PM,FREE,BUSY
65,05/06/19,10:10 PM,10:10 PM,Mets at Padres,Petco Park - San Diego,Local TV: SNY ----- Local Radio: WCBS 880- ESPN Deportes 1050,05/07/19,05/07/19,01:10 AM,01:10 AM,False,True,05/06/19,09:10 PM,09:10 PM,FREE,BUSY
66,05/07/19,10:10 PM,10:10 PM,Mets at Padres,Petco Park - San Diego,Local TV: SNY ----- Local Radio: WCBS 880- ESPN Deportes 1050,05/08/19,05/08/19,01:10 AM,01:10 AM,False,True,05/07/19,09:10 PM,09:10 PM,FREE,BUSY
67,05/08/19,03:40 PM,03:40 PM,Mets at Padres,Petco Park - San Diego,Local TV: SNY ----- Local Radio: WCBS 880- ESPN Deportes 1050,05/08/19,05/08/19,06:40 PM,06:40 PM,False,True,05/08/19,02:40 PM,02:40 PM,FREE,BUSY
68,05/10/19,07:10 PM,07:10 PM,Marlins at Mets,Citi Field - Flushing,Local TV: SNY ----- Local Radio: WCBS 880- ESPN Deportes 1050,05/10/19,05/10/19,10:10 PM,10:10 PM,False,True,05/10/19,06:10 PM,06:10 PM,FREE,BUSY
69,05/11/19,07:10 PM,07:10 PM,Marlins at Mets,Citi Field - Flushing,Local TV: WPIX ----- Local Radio: WCBS 880- ESPN Deportes 1050,05/11/19,05/11/19,10:10 PM,10:10 PM,False,True,05/11/19,06:10 PM,06:10 PM,FREE,BUSY
70,05/14/19,07:05 PM,07:05 PM,Mets at Nationals,Nationals Park - Washington,Local TV: SNY ----- Local Radio: WCBS 880- ESPN Deportes 1050,05/14/19,05/14/19,10:05 PM,10:05 PM,False,True,05/14/19,06:05 PM,06:05 PM,FREE,BUSY
71,05/15/19,07:05 PM,07:05 PM,Mets at Nationals,Nationals Park - Washington,Local TV: SNY ----- Local Radio: WCBS 880- ESPN Deportes 1050,05/15/19,05/15/19,10:05 PM,10:05 PM,False,True,05/15/19,06:05 PM,06:05 PM,FREE,BUSY
72,05/16/19,01:05 PM,01:05 PM,Mets at Nationals,Nationals Park - Washington,Local TV: SNY ----- Local Radio: WCBS 880- ESPN Deportes 1050,05/16/19,05/16/19,04:05 PM,04:05 PM,False,True,05/16/19,12:05 PM,12:05 PM,FREE,BUSY
73,05/17/19,07:10 PM,07:10 PM,Mets at Marlins,Marlins Park - Miami,Local TV: SNY ----- Local Radio: WCBS 880- ESPN Deportes 1050,05/17/19,05/17/19,10:10 PM,10:10 PM,False,True,05/17/19,06:10 PM,06:10 PM,FREE,BUSY
74,05/18/19,04:10 PM,04:10 PM,Mets at Marlins,Marlins Park - Miami,Local TV: SNY ----- Local Radio: WCBS 880- ESPN Deportes 1050,05/18/19,05/18/19,07:10 PM,07:10 PM,False,True,05/18/19,03:10 PM,03:10 PM,FREE,BUSY
75,05/19/19,01:10 PM,01:10 PM,Mets at Marlins,Marlins Park - Miami,Local TV: WPIX ----- Local Radio: WCBS 880- ESPN Deportes 1050,05/19/19,05/19/19,04:10 PM,04:10 PM,False,True,05/19/19,12:10 PM,12:10 PM,FREE,BUSY
76,05/20/19,07:10 PM,07:10 PM,Nationals at Mets,Citi Field - Flushing,Local TV: SNY ----- Local Radio: WCBS 880- ESPN Deportes 1050,05/20/19,05/20/19,10:10 PM,10:10 PM,False,True,05/20/19,06:10 PM,06:10 PM,FREE,BUSY
77,05/21/19,07:10 PM,07:10 PM,Nationals at Mets,Citi Field - Flushing,Local TV: SNY ----- Local Radio: WCBS 880- ESPN Deportes 1050,05/21/19,05/21/19,10:10 PM,10:10 PM,False,True,05/21/19,06:10 PM,06:10 PM,FREE,BUSY
78,05/22/19,07:10 PM,07:10 PM,Nationals at Mets,Citi Field - Flushing,Local TV: SNY- MLBN (out-of-market only) ----- Local Radio: WCBS 880- ESPN Deportes 1050,05/22/19,05/22/19,10:10 PM,10:10 PM,False,True,05/22/19,06:10 PM,06:10 PM,FREE,BUSY
79,05/23/19,12:10 PM,12:10 PM,Nationals at Mets,Citi Field - Flushing,Local TV: SNY ----- Local Radio: WCBS 880- ESPN Deportes 1050,05/23/19,05/23/19,03:10 PM,03:10 PM,False,True,05/23/19,11:10 AM,11:10 AM,FREE,BUSY
80,05/24/19,07:10 PM,07:10 PM,Tigers at Mets,Citi Field - Flushing,Local TV: SNY ----- Local Radio: WCBS 880- ESPN Deportes 1050,05/24/19,05/24/19,10:10 PM,10:10 PM,False,True,05/24/19,06:10 PM,06:10 PM,FREE,BUSY
81,05/25/19,04:10 PM,04:10 PM,Tigers at Mets,Citi Field - Flushing,Local TV: WPIX ----- Local Radio: WCBS 880- ESPN Deportes 1050,05/25/19,05/25/19,07:10 PM,07:10 PM,False,True,05/25/19,03:10 PM,03:10 PM,FREE,BUSY
82,05/26/19,01:10 PM,01:10 PM,Tigers at Mets,Citi Field - Flushing,Local TV: WPIX ----- Local Radio: WCBS 880- ESPN Deportes 1050,05/26/19,05/26/19,04:10 PM,04:10 PM,False,True,05/26/19,12:10 PM,12:10 PM,FREE,BUSY
83,05/27/19,08:10 PM,08:10 PM,Mets at Dodgers,Dodger Stadium - Los Angeles,Local TV: SNY- ESPN ----- Local Radio: WCBS 880- ESPN Deportes 1050,05/27/19,05/27/19,11:10 PM,11:10 PM,False,True,05/27/19,07:10 PM,07:10 PM,FREE,BUSY
84,05/28/19,10:10 PM,10:10 PM,Mets at Dodgers,Dodger Stadium - Los Angeles,Local TV: SNY- MLBN (out-of-market only) ----- Local Radio: WCBS 880- ESPN Deportes 1050,05/29/19,05/29/19,01:10 AM,01:10 AM,False,True,05/28/19,09:10 PM,09:10 PM,FREE,BUSY
85,05/29/19,10:10 PM,10:10 PM,Mets at Dodgers,Dodger Stadium - Los Angeles,Local TV: SNY ----- Local Radio: WCBS 880- ESPN Deportes 1050,05/30/19,05/30/19,01:10 AM,01:10 AM,False,True,05/29/19,09:10 PM,09:10 PM,FREE,BUSY
86,05/30/19,10:10 PM,10:10 PM,Mets at Dodgers,Dodger Stadium - Los Angeles,Local TV: SNY ----- Local Radio: WCBS 880- ESPN Deportes 1050,05/31/19,05/31/19,01:10 AM,01:10 AM,False,True,05/30/19,09:10 PM,09:10 PM,FREE,BUSY
87,05/31/19,09:40 PM,09:40 PM,Mets at D-backs,Chase Field - Phoenix,Local TV: SNY ----- Local Radio: WCBS 880- ESPN Deportes 1050,06/01/19,06/01/19,12:40 AM,12:40 AM,False,True,05/31/19,08:40 PM,08:40 PM,FREE,BUSY
88,06/01/19,10:10 PM,10:10 PM,Mets at D-backs,Chase Field - Phoenix,Local TV: SNY ----- Local Radio: WCBS 880- ESPN Deportes 1050,06/02/19,06/02/19,01:10 AM,01:10 AM,False,True,06/01/19,09:10 PM,09:10 PM,FREE,BUSY
89,06/02/19,04:10 PM,04:10 PM,Mets at D-backs,Chase Field - Phoenix,Local TV: SNY ----- Local Radio: WCBS 880- ESPN Deportes 1050,06/02/19,06/02/19,07:10 PM,07:10 PM,False,True,06/02/19,03:10 PM,03:10 PM,FREE,BUSY
90,06/04/19,07:10 PM,07:10 PM,Giants at Mets,Citi Field - Flushing,Local TV: SNY ----- Local Radio: WCBS 880- ESPN Deportes 1050,06/04/19,06/04/19,10:10 PM,10:10 PM,False,True,06/04/19,06:10 PM,06:10 PM,FREE,BUSY
91,06/05/19,07:10 PM,07:10 PM,Giants at Mets,Citi Field - Flushing,Local TV: SNY ----- Local Radio: WCBS 880- ESPN Deportes 1050,06/05/19,06/05/19,10:10 PM,10:10 PM,False,True,06/05/19,06:10 PM,06:10 PM,FREE,BUSY
92,06/06/19,12:10 PM,12:10 PM,Giants at Mets,Citi Field - Flushing,Local TV: SNY- MLBN (out-of-market only) ----- Local Radio: WCBS 880- ESPN Deportes 1050,06/06/19,06/06/19,03:10 PM,03:10 PM,False,True,06/06/19,11:10 AM,11:10 AM,FREE,BUSY
93,06/07/19,07:10 PM,07:10 PM,Rockies at Mets,Citi Field - Flushing,Local TV: SNY ----- Local Radio: WCBS 880- ESPN Deportes 1050,06/07/19,06/07/19,10:10 PM,10:10 PM,False,True,06/07/19,06:10 PM,06:10 PM,FREE,BUSY
94,06/08/19,07:15 PM,07:15 PM,Rockies at Mets,Citi Field - Flushing,Local TV: FOX ----- Local Radio: WCBS 880- ESPN Deportes 1050,06/08/19,06/08/19,10:15 PM,10:15 PM,False,True,06/08/19,06:15 PM,06:15 PM,FREE,BUSY
95,06/09/19,01:10 PM,01:10 PM,Rockies at Mets,Citi Field - Flushing,Local TV: SNY ----- Local Radio: WCBS 880- ESPN Deportes 1050,06/09/19,06/09/19,04:10 PM,04:10 PM,False,True,06/09/19,12:10 PM,12:10 PM,FREE,BUSY
96,06/11/19,01:05 PM,01:05 PM,Mets at Yankees,Yankee Stadium - Bronx,Local TV: SNY- MLBN (out-of-market only) ----- Local Radio: WCBS 880- ESPN Deportes 1050,06/11/19,06/11/19,04:05 PM,04:05 PM,False,True,06/11/19,12:05 PM,12:05 PM,FREE,BUSY
97,06/11/19,07:05 PM,07:05 PM,Mets at Yankees,Yankee Stadium - Bronx,Local TV: SNY- ESPN ----- Local Radio: WCBS 880- ESPN Deportes 1050,06/11/19,06/11/19,10:05 PM,10:05 PM,False,True,06/11/19,06:05 PM,06:05 PM,FREE,BUSY
98,06/13/19,07:10 PM,07:10 PM,Cardinals at Mets,Citi Field - Flushing,Local TV: SNY- MLBN (out-of-market only) ----- Local Radio: WCBS 880- ESPN Deportes 1050,06/13/19,06/13/19,10:10 PM,10:10 PM,False,True,06/13/19,06:10 PM,06:10 PM,FREE,BUSY
99,06/14/19,07:10 PM,07:10 PM,Cardinals at Mets,Citi Field - Flushing,Local TV: SNY- MLBN (out-of-market only) ----- Local Radio: WCBS 880- ESPN Deportes 1050,06/14/19,06/14/19,10:10 PM,10:10 PM,False,True,06/14/19,06:10 PM,06:10 PM,FREE,BUSY
100,06/15/19,07:10 PM,07:10 PM,Cardinals at Mets,Citi Field - Flushing,Local TV: WPIX ----- Local Radio: WCBS 880- ESPN Deportes 1050,06/15/19,06/15/19,10:10 PM,10:10 PM,False,True,06/15/19,06:10 PM,06:10 PM,FREE,BUSY
101,06/16/19,01:10 PM,01:10 PM,Cardinals at Mets,Citi Field - Flushing,Local TV: WPIX ----- Local Radio: WCBS 880- ESPN Deportes 1050,06/16/19,06/16/19,04:10 PM,04:10 PM,False,True,06/16/19,12:10 PM,12:10 PM,FREE,BUSY
102,06/17/19,07:20 PM,07:20 PM,Mets at Braves,SunTrust Park - Atlanta,Local TV: SNY ----- Local Radio: WCBS 880- ESPN Deportes 1050,06/17/19,06/17/19,10:20 PM,10:20 PM,False,True,06/17/19,06:20 PM,06:20 PM,FREE,BUSY
103,06/18/19,07:20 PM,07:20 PM,Mets at Braves,SunTrust Park - Atlanta,Local TV: SNY ----- Local Radio: WCBS 880- ESPN Deportes 1050,06/18/19,06/18/19,10:20 PM,10:20 PM,False,True,06/18/19,06:20 PM,06:20 PM,FREE,BUSY
104,06/19/19,07:20 PM,07:20 PM,Mets at Braves,SunTrust Park - Atlanta,Local TV: SNY- MLBN (out-of-market only) ----- Local Radio: WCBS 880- ESPN Deportes 1050,06/19/19,06/19/19,10:20 PM,10:20 PM,False,True,06/19/19,06:20 PM,06:20 PM,FREE,BUSY
105,06/20/19,08:05 PM,08:05 PM,Mets at Cubs,Wrigley Field - Chicago,Local TV: SNY- MLBN (out-of-market only) ----- Local Radio: WCBS 880- ESPN Deportes 1050,06/20/19,06/20/19,11:05 PM,11:05 PM,False,True,06/20/19,07:05 PM,07:05 PM,FREE,BUSY
106,06/21/19,02:20 PM,02:20 PM,Mets at Cubs,Wrigley Field - Chicago,Local TV: SNY- MLBN (out-of-market only) ----- Local Radio: WCBS 880- ESPN Deportes 1050,06/21/19,06/21/19,05:20 PM,05:20 PM,False,True,06/21/19,01:20 PM,01:20 PM,FREE,BUSY
107,06/22/19,02:20 PM,02:20 PM,Mets at Cubs,Wrigley Field - Chicago,Local TV: WPIX- MLBN (out-of-market only) ----- Local Radio: WCBS 880- ESPN Deportes 1050,06/22/19,06/22/19,05:20 PM,05:20 PM,False,True,06/22/19,01:20 PM,01:20 PM,FREE,BUSY
108,06/23/19,02:20 PM,02:20 PM,Mets at Cubs,Wrigley Field - Chicago,Local TV: WPIX ----- Local Radio: WCBS 880- ESPN Deportes 1050,06/23/19,06/23/19,05:20 PM,05:20 PM,False,True,06/23/19,01:20 PM,01:20 PM,FREE,BUSY
109,06/24/19,07:05 PM,07:05 PM,Mets at Phillies,Citizens Bank Park - Philadelphia,Local TV: SNY ----- Local Radio: WCBS 880- ESPN Deportes 1050,06/24/19,06/24/19,10:05 PM,10:05 PM,False,True,06/24/19,06:05 PM,06:05 PM,FREE,BUSY
110,06/25/19,07:05 PM,07:05 PM,Mets at Phillies,Citizens Bank Park - Philadelphia,Local TV: SNY- MLBN (out-of-market only) ----- Local Radio: WCBS 880- ESPN Deportes 1050,06/25/19,06/25/19,10:05 PM,10:05 PM,False,True,06/25/19,06:05 PM,06:05 PM,FREE,BUSY
111,06/26/19,07:05 PM,07:05 PM,Mets at Phillies,Citizens Bank Park - Philadelphia,Local TV: SNY ----- Local Radio: WCBS 880- ESPN Deportes 1050,06/26/19,06/26/19,10:05 PM,10:05 PM,False,True,06/26/19,06:05 PM,06:05 PM,FREE,BUSY
112,06/27/19,01:05 PM,01:05 PM,Mets at Phillies,Citizens Bank Park - Philadelphia,Local TV: SNY- MLBN (out-of-market only) ----- Local Radio: WCBS 880- ESPN Deportes 1050,06/27/19,06/27/19,04:05 PM,04:05 PM,False,True,06/27/19,12:05 PM,12:05 PM,FREE,BUSY
113,06/28/19,07:10 PM,07:10 PM,Braves at Mets,Citi Field - Flushing,Local TV: SNY- MLBN (out-of-market only) ----- Local Radio: WCBS 880- ESPN Deportes 1050,06/28/19,06/28/19,10:10 PM,10:10 PM,False,True,06/28/19,06:10 PM,06:10 PM,FREE,BUSY
114,06/29/19,04:10 PM,04:10 PM,Braves at Mets,Citi Field - Flushing,Local TV: SNY ----- Local Radio: WCBS 880- ESPN Deportes 1050,06/29/19,06/29/19,07:10 PM,07:10 PM,False,True,06/29/19,03:10 PM,03:10 PM,FREE,BUSY
115,06/30/19,07:05 PM,07:05 PM,Braves at Mets,Citi Field - Flushing,Local TV: ESPN ----- Local Radio: WCBS 880- ESPN Deportes 1050,06/30/19,06/30/19,10:05 PM,10:05 PM,False,True,06/30/19,06:05 PM,06:05 PM,FREE,BUSY
116,07/02/19,07:10 PM,07:10 PM,Yankees at Mets,Citi Field - Flushing,Local TV: WPIX- MLBN (out-of-market only) ----- Local Radio: WCBS 880- ESPN Deportes 1050,07/02/19,07/02/19,10:10 PM,10:10 PM,False,True,07/02/19,06:10 PM,06:10 PM,FREE,BUSY
117,07/03/19,07:10 PM,07:10 PM,Yankees at Mets,Citi Field - Flushing,Local TV: SNY- ESPN ----- Local Radio: WCBS 880- ESPN Deportes 1050,07/03/19,07/03/19,10:10 PM,10:10 PM,False,True,07/03/19,06:10 PM,06:10 PM,FREE,BUSY
118,07/05/19,07:10 PM,07:10 PM,Phillies at Mets,Citi Field - Flushing,Local TV: SNY ----- Local Radio: WCBS 880- ESPN Deportes 1050,07/05/19,07/05/19,10:10 PM,10:10 PM,False,True,07/05/19,06:10 PM,06:10 PM,FREE,BUSY
119,07/06/19,07:15 PM,07:15 PM,Phillies at Mets,Citi Field - Flushing,Local TV: FOX ----- Local Radio: WCBS 880- ESPN Deportes 1050,07/06/19,07/06/19,10:15 PM,10:15 PM,False,True,07/06/19,06:15 PM,06:15 PM,FREE,BUSY
120,07/07/19,01:10 PM,01:10 PM,Phillies at Mets,Citi Field - Flushing,Local TV: WPIX ----- Local Radio: WCBS 880- ESPN Deportes 1050,07/07/19,07/07/19,04:10 PM,04:10 PM,False,True,07/07/19,12:10 PM,12:10 PM,FREE,BUSY
121,07/09/19,07:30 PM,07:30 PM,NL All-Stars at AL All-Stars,Progressive Field - Cleveland,,07/09/19,07/09/19,10:30 PM,10:30 PM,False,True,07/09/19,06:30 PM,06:30 PM,FREE,BUSY
122,07/12/19,07:10 PM,07:10 PM,Mets at Marlins,Marlins Park - Miami,Local TV: SNY ----- Local Radio: WCBS 880- ESPN Deportes 1050,07/12/19,07/12/19,10:10 PM,10:10 PM,False,True,07/12/19,06:10 PM,06:10 PM,FREE,BUSY
123,07/13/19,06:10 PM,06:10 PM,Mets at Marlins,Marlins Park - Miami,Local TV: WPIX ----- Local Radio: WCBS 880- ESPN Deportes 1050,07/13/19,07/13/19,09:10 PM,09:10 PM,False,True,07/13/19,05:10 PM,05:10 PM,FREE,BUSY
124,07/14/19,01:10 PM,01:10 PM,Mets at Marlins,Marlins Park - Miami,Local TV: SNY ----- Local Radio: WCBS 880- ESPN Deportes 1050,07/14/19,07/14/19,04:10 PM,04:10 PM,False,True,07/14/19,12:10 PM,12:10 PM,FREE,BUSY
125,07/16/19,08:10 PM,08:10 PM,Mets at Twins,Target Field - Minneapolis,Local TV: SNY ----- Local Radio: WCBS 880- ESPN Deportes 1050,07/16/19,07/16/19,11:10 PM,11:10 PM,False,True,07/16/19,07:10 PM,07:10 PM,FREE,BUSY
126,07/17/19,01:10 PM,01:10 PM,Mets at Twins,Target Field - Minneapolis,Local TV: SNY ----- Local Radio: WCBS 880- ESPN Deportes 1050,07/17/19,07/17/19,04:10 PM,04:10 PM,False,True,07/17/19,12:10 PM,12:10 PM,FREE,BUSY
127,07/18/19,09:45 PM,09:45 PM,Mets at Giants,Oracle Park - San Francisco,Local TV: SNY ----- Local Radio: WCBS 880- ESPN Deportes 1050,07/19/19,07/19/19,12:45 AM,12:45 AM,False,True,07/18/19,08:45 PM,08:45 PM,FREE,BUSY
128,07/19/19,10:15 PM,10:15 PM,Mets at Giants,Oracle Park - San Francisco,Local TV: SNY ----- Local Radio: WCBS 880- ESPN Deportes 1050,07/20/19,07/20/19,01:15 AM,01:15 AM,False,True,07/19/19,09:15 PM,09:15 PM,FREE,BUSY
129,07/20/19,04:05 PM,04:05 PM,Mets at Giants,Oracle Park - San Francisco,Local TV: WPIX- FS1 ----- Local Radio: WCBS 880- ESPN Deportes 1050,07/20/19,07/20/19,07:05 PM,07:05 PM,False,True,07/20/19,03:05 PM,03:05 PM,FREE,BUSY
130,07/21/19,04:05 PM,04:05 PM,Mets at Giants,Oracle Park - San Francisco,Local TV: SNY ----- Local Radio: WCBS 880- ESPN Deportes 1050,07/21/19,07/21/19,07:05 PM,07:05 PM,False,True,07/21/19,03:05 PM,03:05 PM,FREE,BUSY
131,07/23/19,07:10 PM,07:10 PM,Padres at Mets,Citi Field - Flushing,Local TV: SNY ----- Local Radio: WCBS 880- ESPN Deportes 1050,07/23/19,07/23/19,10:10 PM,10:10 PM,False,True,07/23/19,06:10 PM,06:10 PM,FREE,BUSY
132,07/24/19,07:10 PM,07:10 PM,Padres at Mets,Citi Field - Flushing,Local TV: SNY ----- Local Radio: WCBS 880- ESPN Deportes 1050,07/24/19,07/24/19,10:10 PM,10:10 PM,False,True,07/24/19,06:10 PM,06:10 PM,FREE,BUSY
133,07/25/19,12:10 PM,12:10 PM,Padres at Mets,Citi Field - Flushing,Local TV: SNY- MLBN (out-of-market only) ----- Local Radio: WCBS 880- ESPN Deportes 1050,07/25/19,07/25/19,03:10 PM,03:10 PM,False,True,07/25/19,11:10 AM,11:10 AM,FREE,BUSY
134,07/26/19,07:10 PM,07:10 PM,Pirates at Mets,Citi Field - Flushing,Local TV: SNY ----- Local Radio: WCBS 880- ESPN Deportes 1050,07/26/19,07/26/19,10:10 PM,10:10 PM,False,True,07/26/19,06:10 PM,06:10 PM,FREE,BUSY
135,07/27/19,07:10 PM,07:10 PM,Pirates at Mets,Citi Field - Flushing,Local TV: WPIX ----- Local Radio: WCBS 880- ESPN Deportes 1050,07/27/19,07/27/19,10:10 PM,10:10 PM,False,True,07/27/19,06:10 PM,06:10 PM,FREE,BUSY
136,07/28/19,01:10 PM,01:10 PM,Pirates at Mets,Citi Field - Flushing,Local TV: WPIX ----- Local Radio: WCBS 880- ESPN Deportes 1050,07/28/19,07/28/19,04:10 PM,04:10 PM,False,True,07/28/19,12:10 PM,12:10 PM,FREE,BUSY
137,07/30/19,08:10 PM,08:10 PM,Mets at White Sox,Guaranteed Rate Field - Chicago,Local TV: SNY ----- Local Radio: WCBS 880- ESPN Deportes 1050,07/30/19,07/30/19,11:10 PM,11:10 PM,False,True,07/30/19,07:10 PM,07:10 PM,FREE,BUSY
138,07/31/19,08:10 PM,08:10 PM,Mets at White Sox,Guaranteed Rate Field - Chicago,Local TV: SNY ----- Local Radio: WCBS 880- ESPN Deportes 1050,07/31/19,07/31/19,11:10 PM,11:10 PM,False,True,07/31/19,07:10 PM,07:10 PM,FREE,BUSY
139,08/01/19,02:10 PM,02:10 PM,Mets at White Sox,Guaranteed Rate Field - Chicago,Local TV: SNY ----- Local Radio: WCBS 880- ESPN Deportes 1050,08/01/19,08/01/19,05:10 PM,05:10 PM,False,True,08/01/19,01:10 PM,01:10 PM,FREE,BUSY
140,08/02/19,07:05 PM,07:05 PM,Mets at Pirates,PNC Park - Pittsburgh,Local TV: SNY ----- Local Radio: WCBS 880- ESPN Deportes 1050,08/02/19,08/02/19,10:05 PM,10:05 PM,False,True,08/02/19,06:05 PM,06:05 PM,FREE,BUSY
141,08/03/19,07:05 PM,07:05 PM,Mets at Pirates,PNC Park - Pittsburgh,Local TV: SNY ----- Local Radio: WCBS 880- ESPN Deportes 1050,08/03/19,08/03/19,10:05 PM,10:05 PM,False,True,08/03/19,06:05 PM,06:05 PM,FREE,BUSY
142,08/04/19,01:35 PM,01:35 PM,Mets at Pirates,PNC Park - Pittsburgh,Local TV: SNY ----- Local Radio: WCBS 880- ESPN Deportes 1050,08/04/19,08/04/19,04:35 PM,04:35 PM,False,True,08/04/19,12:35 PM,12:35 PM,FREE,BUSY
143,08/05/19,04:10 PM,04:10 PM,Marlins at Mets,Citi Field - Flushing,Local TV: SNY ----- Local Radio: WCBS 880- ESPN Deportes 1050,08/05/19,08/05/19,07:10 PM,07:10 PM,False,True,08/05/19,03:10 PM,03:10 PM,FREE,BUSY
144,08/05/19,,,Marlins at Mets - Time TBD,Citi Field - Flushing,Local TV: SNY ----- Local Radio: WCBS 880- ESPN Deportes 1050,08/05/19,08/05/19,,,False,True,08/05/19,,,FREE,BUSY
145,08/06/19,07:10 PM,07:10 PM,Marlins at Mets,Citi Field - Flushing,Local TV: SNY ----- Local Radio: WCBS 880- ESPN Deportes 1050,08/06/19,08/06/19,10:10 PM,10:10 PM,False,True,08/06/19,06:10 PM,06:10 PM,FREE,BUSY
146,08/07/19,12:10 PM,12:10 PM,Marlins at Mets,Citi Field - Flushing,Local TV: SNY ----- Local Radio: WCBS 880- ESPN Deportes 1050,08/07/19,08/07/19,03:10 PM,03:10 PM,False,True,08/07/19,11:10 AM,11:10 AM,FREE,BUSY
147,08/09/19,07:10 PM,07:10 PM,Nationals at Mets,Citi Field - Flushing,Local TV: SNY ----- Local Radio: WCBS 880- ESPN Deportes 1050,08/09/19,08/09/19,10:10 PM,10:10 PM,False,True,08/09/19,06:10 PM,06:10 PM,FREE,BUSY
148,08/10/19,07:10 PM,07:10 PM,Nationals at Mets,Citi Field - Flushing,Local TV: WPIX ----- Local Radio: WCBS 880- ESPN Deportes 1050,08/10/19,08/10/19,10:10 PM,10:10 PM,False,True,08/10/19,06:10 PM,06:10 PM,FREE,BUSY
149,08/11/19,01:10 PM,01:10 PM,Nationals at Mets,Citi Field - Flushing,Local TV: SNY ----- Local Radio: WCBS 880- ESPN Deportes 1050,08/11/19,08/11/19,04:10 PM,04:10 PM,False,True,08/11/19,12:10 PM,12:10 PM,FREE,BUSY
150,08/13/19,07:20 PM,07:20 PM,Mets at Braves,SunTrust Park - Atlanta,Local TV: SNY ----- Local Radio: WCBS 880- ESPN Deportes 1050,08/13/19,08/13/19,10:20 PM,10:20 PM,False,True,08/13/19,06:20 PM,06:20 PM,FREE,BUSY
151,08/14/19,07:20 PM,07:20 PM,Mets at Braves,SunTrust Park - Atlanta,Local TV: SNY ----- Local Radio: WCBS 880- ESPN Deportes 1050,08/14/19,08/14/19,10:20 PM,10:20 PM,False,True,08/14/19,06:20 PM,06:20 PM,FREE,BUSY
152,08/15/19,07:20 PM,07:20 PM,Mets at Braves,SunTrust Park - Atlanta,Local TV: SNY ----- Local Radio: WCBS 880- ESPN Deportes 1050,08/15/19,08/15/19,10:20 PM,10:20 PM,False,True,08/15/19,06:20 PM,06:20 PM,FREE,BUSY
153,08/16/19,08:15 PM,08:15 PM,Mets at Royals,Kauffman Stadium - Kansas City,Local TV: SNY ----- Local Radio: WCBS 880- ESPN Deportes 1050,08/16/19,08/16/19,11:15 PM,11:15 PM,False,True,08/16/19,07:15 PM,07:15 PM,FREE,BUSY
154,08/17/19,07:15 PM,07:15 PM,Mets at Royals,Kauffman Stadium - Kansas City,Local TV: WPIX ----- Local Radio: WCBS 880- ESPN Deportes 1050,08/17/19,08/17/19,10:15 PM,10:15 PM,False,True,08/17/19,06:15 PM,06:15 PM,FREE,BUSY
155,08/18/19,02:15 PM,02:15 PM,Mets at Royals,Kauffman Stadium - Kansas City,Local TV: SNY ----- Local Radio: WCBS 880- ESPN Deportes 1050,08/18/19,08/18/19,05:15 PM,05:15 PM,False,True,08/18/19,01:15 PM,01:15 PM,FREE,BUSY
156,08/20/19,07:10 PM,07:10 PM,Indians at Mets,Citi Field - Flushing,Local TV: SNY ----- Local Radio: WCBS 880- ESPN Deportes 1050,08/20/19,08/20/19,10:10 PM,10:10 PM,False,True,08/20/19,06:10 PM,06:10 PM,FREE,BUSY
157,08/21/19,07:10 PM,07:10 PM,Indians at Mets,Citi Field - Flushing,Local TV: SNY ----- Local Radio: WCBS 880- ESPN Deportes 1050,08/21/19,08/21/19,10:10 PM,10:10 PM,False,True,08/21/19,06:10 PM,06:10 PM,FREE,BUSY
158,08/22/19,07:10 PM,07:10 PM,Indians at Mets,Citi Field - Flushing,Local TV: SNY ----- Local Radio: WCBS 880- ESPN Deportes 1050,08/22/19,08/22/19,10:10 PM,10:10 PM,False,True,08/22/19,06:10 PM,06:10 PM,FREE,BUSY
159,08/23/19,07:10 PM,07:10 PM,Braves at Mets,Citi Field - Flushing,Local TV: SNY ----- Local Radio: WCBS 880- ESPN Deportes 1050,08/23/19,08/23/19,10:10 PM,10:10 PM,False,True,08/23/19,06:10 PM,06:10 PM,FREE,BUSY
160,08/24/19,07:10 PM,07:10 PM,Braves at Mets,Citi Field - Flushing,Local TV: WPIX ----- Local Radio: WCBS 880- ESPN Deportes 1050,08/24/19,08/24/19,10:10 PM,10:10 PM,False,True,08/24/19,06:10 PM,06:10 PM,FREE,BUSY
161,08/25/19,01:10 PM,01:10 PM,Braves at Mets,Citi Field - Flushing,Local TV: WPIX ----- Local Radio: WCBS 880- ESPN Deportes 1050,08/25/19,08/25/19,04:10 PM,04:10 PM,False,True,08/25/19,12:10 PM,12:10 PM,FREE,BUSY
162,08/27/19,07:10 PM,07:10 PM,Cubs at Mets,Citi Field - Flushing,Local TV: SNY ----- Local Radio: WCBS 880- ESPN Deportes 1050,08/27/19,08/27/19,10:10 PM,10:10 PM,False,True,08/27/19,06:10 PM,06:10 PM,FREE,BUSY
163,08/28/19,07:10 PM,07:10 PM,Cubs at Mets,Citi Field - Flushing,Local TV: SNY ----- Local Radio: WCBS 880- ESPN Deportes 1050,08/28/19,08/28/19,10:10 PM,10:10 PM,False,True,08/28/19,06:10 PM,06:10 PM,FREE,BUSY
164,08/29/19,07:10 PM,07:10 PM,Cubs at Mets,Citi Field - Flushing,Local TV: SNY ----- Local Radio: WCBS 880- ESPN Deportes 1050,08/29/19,08/29/19,10:10 PM,10:10 PM,False,True,08/29/19,06:10 PM,06:10 PM,FREE,BUSY
165,08/30/19,07:05 PM,07:05 PM,Mets at Phillies,Citizens Bank Park - Philadelphia,Local TV: SNY ----- Local Radio: WCBS 880- ESPN Deportes 1050,08/30/19,08/30/19,10:05 PM,10:05 PM,False,True,08/30/19,06:05 PM,06:05 PM,FREE,BUSY
166,08/31/19,04:05 PM,04:05 PM,Mets at Phillies,Citizens Bank Park - Philadelphia,Local TV: SNY- FS1 ----- Local Radio: WCBS 880- ESPN Deportes 1050,08/31/19,08/31/19,07:05 PM,07:05 PM,False,True,08/31/19,03:05 PM,03:05 PM,FREE,BUSY
167,09/01/19,07:05 PM,07:05 PM,Mets at Phillies,Citizens Bank Park - Philadelphia,Local TV: ESPN ----- Local Radio: WCBS 880- ESPN Deportes 1050,09/01/19,09/01/19,10:05 PM,10:05 PM,False,True,09/01/19,06:05 PM,06:05 PM,FREE,BUSY
168,09/02/19,01:05 PM,01:05 PM,Mets at Nationals,Nationals Park - Washington,Local TV: SNY ----- Local Radio: WCBS 880- ESPN Deportes 1050,09/02/19,09/02/19,04:05 PM,04:05 PM,False,True,09/02/19,12:05 PM,12:05 PM,FREE,BUSY
169,09/03/19,07:05 PM,07:05 PM,Mets at Nationals,Nationals Park - Washington,Local TV: SNY ----- Local Radio: WCBS 880- ESPN Deportes 1050,09/03/19,09/03/19,10:05 PM,10:05 PM,False,True,09/03/19,06:05 PM,06:05 PM,FREE,BUSY
170,09/04/19,01:05 PM,01:05 PM,Mets at Nationals,Nationals Park - Washington,Local TV: YouTube ----- Local Radio: WCBS 880- ESPN Deportes 1050,09/04/19,09/04/19,04:05 PM,04:05 PM,False,True,09/04/19,12:05 PM,12:05 PM,FREE,BUSY
171,09/06/19,07:10 PM,07:10 PM,Phillies at Mets,Citi Field - Flushing,Local TV: SNY ----- Local Radio: WCBS 880- ESPN Deportes 1050,09/06/19,09/06/19,10:10 PM,10:10 PM,False,True,09/06/19,06:10 PM,06:10 PM,FREE,BUSY
172,09/07/19,07:10 PM,07:10 PM,Phillies at Mets,Citi Field - Flushing,Local TV: SNY- FS1 ----- Local Radio: WCBS 880- ESPN Deportes 1050,09/07/19,09/07/19,10:10 PM,10:10 PM,False,True,09/07/19,06:10 PM,06:10 PM,FREE,BUSY
173,09/08/19,01:10 PM,01:10 PM,Phillies at Mets,Citi Field - Flushing,Local TV: SNY ----- Local Radio: WCBS 880- ESPN Deportes 1050,09/08/19,09/08/19,04:10 PM,04:10 PM,False,True,09/08/19,12:10 PM,12:10 PM,FREE,BUSY
174,09/09/19,07:10 PM,07:10 PM,D-backs at Mets,Citi Field - Flushing,Local TV: SNY ----- Local Radio: WCBS 880- ESPN Deportes 1050,09/09/19,09/09/19,10:10 PM,10:10 PM,False,True,09/09/19,06:10 PM,06:10 PM,FREE,BUSY
175,09/10/19,07:10 PM,07:10 PM,D-backs at Mets,Citi Field - Flushing,Local TV: SNY ----- Local Radio: WCBS 880- ESPN Deportes 1050,09/10/19,09/10/19,10:10 PM,10:10 PM,False,True,09/10/19,06:10 PM,06:10 PM,FREE,BUSY
176,09/11/19,07:10 PM,07:10 PM,D-backs at Mets,Citi Field - Flushing,Local TV: SNY ----- Local Radio: WCBS 880- ESPN Deportes 1050,09/11/19,09/11/19,10:10 PM,10:10 PM,False,True,09/11/19,06:10 PM,06:10 PM,FREE,BUSY
177,09/12/19,01:10 PM,01:10 PM,D-backs at Mets,Citi Field - Flushing,Local TV: SNY ----- Local Radio: WCBS 880- ESPN Deportes 1050,09/12/19,09/12/19,04:10 PM,04:10 PM,False,True,09/12/19,12:10 PM,12:10 PM,FREE,BUSY
178,09/13/19,07:10 PM,07:10 PM,Dodgers at Mets,Citi Field - Flushing,Local TV: SNY ----- Local Radio: WCBS 880- ESPN Deportes 1050,09/13/19,09/13/19,10:10 PM,10:10 PM,False,True,09/13/19,06:10 PM,06:10 PM,FREE,BUSY
179,09/14/19,07:10 PM,07:10 PM,Dodgers at Mets,Citi Field - Flushing,Local TV: WPIX ----- Local Radio: WCBS 880- ESPN Deportes 1050,09/14/19,09/14/19,10:10 PM,10:10 PM,False,True,09/14/19,06:10 PM,06:10 PM,FREE,BUSY
180,09/15/19,01:10 PM,01:10 PM,Dodgers at Mets,Citi Field - Flushing,Local TV: SNY ----- Local Radio: WCBS 880- ESPN Deportes 1050,09/15/19,09/15/19,04:10 PM,04:10 PM,False,True,09/15/19,12:10 PM,12:10 PM,FREE,BUSY
181,09/16/19,08:40 PM,08:40 PM,Mets at Rockies,Coors Field - Denver,Local TV: SNY ----- Local Radio: WCBS 880- ESPN Deportes 1050,09/16/19,09/16/19,11:40 PM,11:40 PM,False,True,09/16/19,07:40 PM,07:40 PM,FREE,BUSY
182,09/17/19,08:40 PM,08:40 PM,Mets at Rockies,Coors Field - Denver,Local TV: SNY ----- Local Radio: WCBS 880- ESPN Deportes 1050,09/17/19,09/17/19,11:40 PM,11:40 PM,False,True,09/17/19,07:40 PM,07:40 PM,FREE,BUSY
183,09/18/19,03:10 PM,03:10 PM,Mets at Rockies,Coors Field - Denver,Local TV: SNY ----- Local Radio: WCBS 880- ESPN Deportes 1050,09/18/19,09/18/19,06:10 PM,06:10 PM,False,True,09/18/19,02:10 PM,02:10 PM,FREE,BUSY
184,09/20/19,07:10 PM,07:10 PM,Mets at Reds,Great American Ball Park - Cincinnati,Local TV: SNY ----- Local Radio: WCBS 880- ESPN Deportes 1050,09/20/19,09/20/19,10:10 PM,10:10 PM,False,True,09/20/19,06:10 PM,06:10 PM,FREE,BUSY
185,09/21/19,04:10 PM,04:10 PM,Mets at Reds,Great American Ball Park - Cincinnati,Local TV: WPIX ----- Local Radio: WCBS 880- ESPN Deportes 1050,09/21/19,09/21/19,07:10 PM,07:10 PM,False,True,09/21/19,03:10 PM,03:10 PM,FREE,BUSY
186,09/22/19,01:10 PM,01:10 PM,Mets at Reds,Great American Ball Park - Cincinnati,Local TV: WPIX ----- Local Radio: WCBS 880- ESPN Deportes 1050,09/22/19,09/22/19,04:10 PM,04:10 PM,False,True,09/22/19,12:10 PM,12:10 PM,FREE,BUSY
187,09/23/19,07:10 PM,07:10 PM,Marlins at Mets,Citi Field - Flushing,Local TV: SNY ----- Local Radio: WCBS 880- ESPN Deportes 1050,09/23/19,09/23/19,10:10 PM,10:10 PM,False,True,09/23/19,06:10 PM,06:10 PM,FREE,BUSY
188,09/24/19,07:10 PM,07:10 PM,Marlins at Mets,Citi Field - Flushing,Local TV: SNY ----- Local Radio: WCBS 880- ESPN Deportes 1050,09/24/19,09/24/19,10:10 PM,10:10 PM,False,True,09/24/19,06:10 PM,06:10 PM,FREE,BUSY
189,09/25/19,07:10 PM,07:10 PM,Marlins at Mets,Citi Field - Flushing,Local TV: SNY ----- Local Radio: WCBS 880- ESPN Deportes 1050,09/25/19,09/25/19,10:10 PM,10:10 PM,False,True,09/25/19,06:10 PM,06:10 PM,FREE,BUSY
190,09/26/19,07:10 PM,07:10 PM,Marlins at Mets,Citi Field - Flushing,Local TV: SNY ----- Local Radio: WCBS 880- ESPN Deportes 1050,09/26/19,09/26/19,10:10 PM,10:10 PM,False,True,09/26/19,06:10 PM,06:10 PM,FREE,BUSY
191,09/27/19,07:10 PM,07:10 PM,Braves at Mets,Citi Field - Flushing,Local TV: SNY ----- Local Radio: WCBS 880- ESPN Deportes 1050,09/27/19,09/27/19,10:10 PM,10:10 PM,False,True,09/27/19,06:10 PM,06:10 PM,FREE,BUSY
192,09/28/19,07:10 PM,07:10 PM,Braves at Mets,Citi Field - Flushing,Local TV: SNY ----- Local Radio: WCBS 880- ESPN Deportes 1050,09/28/19,09/28/19,10:10 PM,10:10 PM,False,True,09/28/19,06:10 PM,06:10 PM,FREE,BUSY
193,09/29/19,03:10 PM,03:10 PM,Braves at Mets,Citi Field - Flushing,Local TV: SNY ----- Local Radio: WCBS 880- ESPN Deportes 1050,09/29/19,09/29/19,06:10 PM,06:10 PM,False,True,09/29/19,02:10 PM,02:10 PM,FREE,BUSY
